uuid,tree_age,grape_variety,cultivation_method,field_name,field_lon,field_lat,field_size,created_datetime,updated_datetime,cultivation_uuid_id,field_uuid_id,variety_uuid_id
c4d4a2ef-b6f6-4dbb-949f-defae3db2679,1,阳光玫瑰,露天栽培,test1,109.48161,24.07781,3802.7,2024-11-28T14:39:24.936738+00:00,2024-11-28T14:39:24.936755+00:00,960362b0-fb3a-44dd-8261-c842ee516913,cb4a7285-2e8b-4586-840a-3a7da6415e11,ea676092-9fbe-431f-9639-7b1dd58125fd
62f4173f-0c6f-44a6-9629-11e205def74b,10,毛葡萄野酿2,露天栽培,都安康盛毛葡萄,108.10886,23.82869,355.09,2024-07-30T03:32:06.447650+00:00,2024-07-30T03:32:06.447668+00:00,960362b0-fb3a-44dd-8261-c842ee516913,8edc47ab-fd39-49b8-902a-5ebd9b2421f9,8291658e-8342-4f76-b3b0-571a51f96091
a61c13b6-ceed-4309-b372-4f25012d1926,1,夏黑,露天栽培,1234,109.40369,24.07447,4687.7,2024-01-05T07:43:01.693443+00:00,2024-01-05T07:43:01.693460+00:00,960362b0-fb3a-44dd-8261-c842ee516913,80b1de43-c7a5-44ca-a18a-647d08f75262,92431ccc-ef09-437a-bd8c-109fe93679ed
e3c81de4-a748-4a06-8b11-072a9f182e4f,12,毛葡萄野酿2,露天栽培,陈记果,108.79134,24.74444,11.62,2025-04-28T07:43:34.070088+00:00,2025-04-28T07:43:34.070106+00:00,960362b0-fb3a-44dd-8261-c842ee516913,198de752-d68e-4d8b-803d-b98f750897d8,8291658e-8342-4f76-b3b0-571a51f96091
1d6678ba-21be-4298-a982-aeaba2f08c17,20,夏黑,露天栽培,天霜葡萄,108.76685,24.72403,149.89,2025-05-06T11:32:10.023394+00:00,2025-05-06T11:32:10.023410+00:00,960362b0-fb3a-44dd-8261-c842ee516913,e57f8524-3d5e-445f-bd25-8ad7d091bc3e,92431ccc-ef09-437a-bd8c-109fe93679ed
073cd7a2-4109-4586-bcf8-5bb9d5d4e7c2,3,阳光玫瑰,避雨栽培,农高新,117.54397,35.94893,29.97,2025-06-24T08:08:48.242566+00:00,2025-06-24T08:08:48.242583+00:00,38596e04-8595-4a31-8121-39678f903ddb,0681b7d5-1bc9-4298-82f2-92328f562004,ea676092-9fbe-431f-9639-7b1dd58125fd
ad91f27c-06c0-4ec2-a348-c18348fcf3fe,1,夏黑,露天栽培,f1,108.0752,34.29895,75.22,2024-06-17T15:08:11.966193+00:00,2024-06-17T15:08:11.966213+00:00,960362b0-fb3a-44dd-8261-c842ee516913,fd7f32b1-b881-46d0-a1cf-9511c0ddbde7,92431ccc-ef09-437a-bd8c-109fe93679ed
c961dae4-a1f2-4d25-ac97-2d2f0bd03185,2,巨峰,避雨栽培,出来了,116.45915,39.9456,49.04,2025-08-06T08:21:35.139085+00:00,2025-08-06T08:21:35.139102+00:00,38596e04-8595-4a31-8121-39678f903ddb,5ebd5f1d-bbbb-4cc0-a64c-5587c74626de,c6e5a7e0-3d4c-4429-bf95-23d53ae34ae2
70af000f-7d1f-4d81-b501-778b16e1af7d,6,夏黑,露天栽培,test6,108.40112,22.80121,0.4,2024-06-21T09:20:58.661404+00:00,2024-06-21T09:20:58.661421+00:00,960362b0-fb3a-44dd-8261-c842ee516913,2cc30eb7-b6ea-4969-99fa-9a8070941eea,92431ccc-ef09-437a-bd8c-109fe93679ed
90435ce2-23a7-4a2d-8569-2c0d7f5fa2cd,10,毛葡萄野酿2,露天栽培,镇兴毛葡萄,108.05164,23.82684,21.25,2025-09-22T06:04:04.292759+00:00,2025-09-22T06:04:04.292776+00:00,960362b0-fb3a-44dd-8261-c842ee516913,9e3b1cf8-e346-47e3-aa32-d11b943fec7f,8291658e-8342-4f76-b3b0-571a51f96091
88e73c7e-45bb-44fa-8485-170339cdbe2a,1,夏黑,露天栽培,111,113.52673,22.34829,37.78,2025-10-10T06:04:07.331926+00:00,2025-10-10T06:04:07.331943+00:00,960362b0-fb3a-44dd-8261-c842ee516913,bb7ff028-1c7e-42fb-96d6-6eff79c5714c,92431ccc-ef09-437a-bd8c-109fe93679ed
efdbe548-dd39-4703-8717-45dc363a2551,1,夏黑,露天栽培,明阳葡萄园,108.23459,22.60738,6.11,2025-11-02T12:01:48.185335+00:00,2025-11-03T01:39:04.054853+00:00,960362b0-fb3a-44dd-8261-c842ee516913,ae079178-1192-4ba8-a55f-a0ecfd4ceb4d,92431ccc-ef09-437a-bd8c-109fe93679ed
21f92586-cdcd-4a12-94bd-2fbb5a7dfc0f,1,夏黑,露天栽培,测试1111,117.12555,36.19742,22.87,2025-12-29T02:46:12.476928+00:00,2025-12-29T02:46:12.476944+00:00,960362b0-fb3a-44dd-8261-c842ee516913,4090838b-9c2e-4021-973a-26722d7d7916,92431ccc-ef09-437a-bd8c-109fe93679ed
aef2fbfa-4e2f-4352-b5be-ac2f8f039e10,1,夏黑,露天栽培,12346,109.28595,24.24573,59255.1,2024-10-12T08:03:11.068122+00:00,2024-10-12T08:03:11.068136+00:00,960362b0-fb3a-44dd-8261-c842ee516913,0e418556-e72f-4eb1-a004-9a0bcdd3ede9,92431ccc-ef09-437a-bd8c-109fe93679ed
6596a2df-64f2-4ec9-8d4f-f0a4ed762b73,1,毛葡萄野酿2,露天栽培,罗城四把镇里乐村,108.70642,24.68666,2.74,2026-04-22T02:07:05.957129+00:00,2026-04-22T02:07:05.957166+00:00,960362b0-fb3a-44dd-8261-c842ee516913,5687c62c-198e-47ef-8f0b-e62930362236,8291658e-8342-4f76-b3b0-571a51f96091
4db49e0b-c012-4935-bf9d-da5bd32e85cb,1,夏黑,露天栽培,2222,116.44139,39.93825,753.96,2026-04-24T08:36:56.785426+00:00,2026-04-24T08:36:56.785442+00:00,960362b0-fb3a-44dd-8261-c842ee516913,02b9c48a-0ae4-4147-b909-6cd3b0b2d340,92431ccc-ef09-437a-bd8c-109fe93679ed
38701420-0562-43e4-9ae3-8c3721ae56d0,10,巨峰,露天栽培,1,123.07001,41.02839,67.07,2024-04-01T06:27:42.106292+00:00,2024-04-01T06:27:42.106310+00:00,960362b0-fb3a-44dd-8261-c842ee516913,4aa2397f-c03d-4619-b8c8-a5560e0307fb,c6e5a7e0-3d4c-4429-bf95-23d53ae34ae2
3e254ea0-e095-4c05-bbd0-303b5940e94b,9,毛葡萄野酿系列,露天栽培,安阳,108.1101,23.83194,0.78,2024-04-02T05:06:40.307074+00:00,2024-04-02T05:06:40.307092+00:00,960362b0-fb3a-44dd-8261-c842ee516913,cb7a3fe8-5c8e-4478-afba-13866b0984cd,70dc8fbf-dde2-49fc-9fed-eaabefdd2071
4954e5eb-a067-4840-8033-25379394a25f,1,夏黑,露天栽培,hh,109.36103,24.15041,507.83,2024-10-23T07:22:13.699417+00:00,2024-10-23T07:22:13.699433+00:00,960362b0-fb3a-44dd-8261-c842ee516913,636117ed-f4dd-4f22-80e0-63947371a78f,92431ccc-ef09-437a-bd8c-109fe93679ed
ae4c4a84-8354-4798-ae16-37ac0af2f161,1,夏黑,露天栽培,111111,117.1269,36.19957,133.47,2024-10-26T03:39:27.248188+00:00,2024-10-26T03:39:27.248205+00:00,960362b0-fb3a-44dd-8261-c842ee516913,bc9b70a9-d518-4cfa-b138-3e6094d062c3,92431ccc-ef09-437a-bd8c-109fe93679ed
8d65d616-5d0a-419a-ac93-014be6ab7027,1,夏黑,露天栽培,963,117.1227,36.20607,18.01,2024-10-26T07:15:11.550493+00:00,2024-10-26T07:15:11.550509+00:00,960362b0-fb3a-44dd-8261-c842ee516913,eadb2469-4477-4c0b-ba38-5324f503f3a8,92431ccc-ef09-437a-bd8c-109fe93679ed
c0606352-db28-4159-b1a7-8ad5899165b1,1,夏黑,露天栽培,111,120.12376,36.00519,22.32,2024-10-27T08:46:38.535830+00:00,2024-10-27T08:46:38.535848+00:00,960362b0-fb3a-44dd-8261-c842ee516913,140d9dc0-f336-49ba-8483-d0c26771095a,92431ccc-ef09-437a-bd8c-109fe93679ed
e39fdf27-3a08-4d75-943c-91aa66a0556e,1,夏黑,露天栽培,ljd,109.36056,24.14926,235.24,2024-10-31T08:38:20.275635+00:00,2024-10-31T08:38:20.275651+00:00,960362b0-fb3a-44dd-8261-c842ee516913,a01f7829-20ce-4589-a6a6-78cf11d7b773,92431ccc-ef09-437a-bd8c-109fe93679ed
738d1982-ba09-4116-a7e6-7836e03c0f2c,1,夏黑,露天栽培,122,109.36155,24.15338,35.25,2024-11-01T01:35:33.010110+00:00,2024-11-01T01:35:33.010134+00:00,960362b0-fb3a-44dd-8261-c842ee516913,fbdcad8d-4034-47e9-a43e-d8ef785f408e,92431ccc-ef09-437a-bd8c-109fe93679ed
f121bb88-7752-4bce-bdbc-3c0bb8199deb,7,夏黑,露天栽培,地块,107.9546,23.98481,10.63,2024-11-04T04:14:21.379895+00:00,2024-11-04T04:14:21.379913+00:00,960362b0-fb3a-44dd-8261-c842ee516913,e3478f54-b561-44d3-9e41-c14c35b27fb4,92431ccc-ef09-437a-bd8c-109fe93679ed
563413c5-5283-4619-b57b-c82fd87d5505,8,夏黑,露天栽培,测试地块,108.10793,23.83136,92.26,2024-11-04T06:05:50.276678+00:00,2024-11-04T06:05:50.276695+00:00,960362b0-fb3a-44dd-8261-c842ee516913,9893db0c-0934-4213-9e3b-8180e5a31610,92431ccc-ef09-437a-bd8c-109fe93679ed
10fc83a4-7fc7-43ec-8f12-fa95eccee76d,1,大粒玫瑰香,避雨栽培,宛如,109.3608,24.14818,261.42,2024-11-04T08:13:44.535580+00:00,2024-11-04T08:13:44.535597+00:00,38596e04-8595-4a31-8121-39678f903ddb,68e6497d-256e-462e-96ad-d27fab6b08d1,0eb398ba-f139-4593-8f4e-4966a8183192
805b9204-1c5a-4f59-a86b-9cda4f85a505,1,夏黑,露天栽培,field,109.35418,24.23258,2642.58,2024-01-11T08:35:03.095262+00:00,2024-01-11T08:35:17.015409+00:00,960362b0-fb3a-44dd-8261-c842ee516913,78422b38-535f-4637-b0ee-de4d7c550eaf,92431ccc-ef09-437a-bd8c-109fe93679ed
49c8f293-d778-4c8e-91ee-a936bc544c79,1,夏黑,露天栽培,vv,109.34343,24.14886,2779.83,2024-01-11T08:47:57.774908+00:00,2024-01-11T08:47:57.774925+00:00,960362b0-fb3a-44dd-8261-c842ee516913,1aaa8b37-6a32-4866-9dc2-61422fcde9c4,92431ccc-ef09-437a-bd8c-109fe93679ed
4563f27b-135b-4b10-a730-f4a7c1d2d765,1,夏黑,露天栽培,taian,117.12714,36.19865,140.24,2024-04-23T05:41:02.948197+00:00,2024-04-23T05:41:02.948222+00:00,960362b0-fb3a-44dd-8261-c842ee516913,b229624e-7d16-441a-a82c-db32214d1eea,92431ccc-ef09-437a-bd8c-109fe93679ed
9322dabf-0c52-451d-b6ec-792826dcea35,10,毛葡萄野酿2,露天栽培,国隆毛葡萄,107.99245,24.09916,39.26,2024-07-30T08:01:38.152571+00:00,2024-07-30T08:01:38.152589+00:00,960362b0-fb3a-44dd-8261-c842ee516913,4b65b473-1230-4b05-acd0-e95d11aab705,8291658e-8342-4f76-b3b0-571a51f96091
24793793-2d39-46f2-9354-8c5ff47ba7cc,1,夏黑,露天栽培,test,104.95862,35.79616,7546734052.12,2024-11-28T18:19:33.819755+00:00,2024-11-28T18:19:33.819773+00:00,960362b0-fb3a-44dd-8261-c842ee516913,37829650-3cee-4c81-8a0e-4dd83297b3fd,92431ccc-ef09-437a-bd8c-109fe93679ed
48d2658b-83c1-42a8-9eb7-e4bd3327db56,6,阳光玫瑰,露天栽培,泰山区,117.17673,36.20943,509744.71,2025-03-16T05:09:31.650328+00:00,2025-03-16T05:09:31.650354+00:00,960362b0-fb3a-44dd-8261-c842ee516913,e3508dbf-7b25-4657-82d0-787a001ee18e,ea676092-9fbe-431f-9639-7b1dd58125fd
d32e5118-0d98-47ae-9d37-9459de1d0fd3,1,夏黑,露天栽培,ljd,109.35356,24.12879,18793.64,2024-01-11T11:19:02.454141+00:00,2024-01-11T11:19:02.454158+00:00,960362b0-fb3a-44dd-8261-c842ee516913,0f04a0fd-c4a2-4e15-a498-22c725eca94d,92431ccc-ef09-437a-bd8c-109fe93679ed
c4767585-6816-48e7-98c3-72a835602bcf,1,夏黑,露天栽培,hvb,109.3721,24.11333,40533.0,2024-01-11T11:20:07.757796+00:00,2024-01-11T11:20:07.757814+00:00,960362b0-fb3a-44dd-8261-c842ee516913,fbe563d7-bdec-40a6-a67d-4a4a69f3d1f5,92431ccc-ef09-437a-bd8c-109fe93679ed
4d946297-33cf-4a78-aa20-c6485f487ce4,13,毛葡萄野酿2,露天栽培,罗城仫佬族自治县添添种植家庭农场,108.69418,24.70303,91.55,2025-04-28T08:50:13.845067+00:00,2025-04-28T08:50:13.845085+00:00,960362b0-fb3a-44dd-8261-c842ee516913,cad10ed0-9986-4e74-b544-655ec1d81dd0,8291658e-8342-4f76-b3b0-571a51f96091
90b4bf02-3589-4882-acfe-945b824c5675,1,阳光玫瑰,露天栽培,test1,114.51557,38.0003,3.76,2025-05-10T03:31:43.167276+00:00,2025-05-10T03:31:43.167295+00:00,960362b0-fb3a-44dd-8261-c842ee516913,0e5a4939-0056-4e66-a2ad-022cd339fca2,ea676092-9fbe-431f-9639-7b1dd58125fd
3d12f850-5078-4fac-a411-6da915180958,2,阳光玫瑰,避雨栽培,农高新智慧葡萄大棚,117.55088,35.94761,12.34,2025-07-03T07:57:20.482513+00:00,2025-07-03T07:57:20.482532+00:00,38596e04-8595-4a31-8121-39678f903ddb,e287d8dc-93b8-48ed-aad8-e2c69290696d,ea676092-9fbe-431f-9639-7b1dd58125fd
529f149c-c84e-4e41-8418-0cc9b052b5d1,8,毛葡萄野酿2,露天栽培,都安（不打）,108.10965,23.82991,5.02,2024-04-26T00:58:50.417068+00:00,2024-04-26T00:58:50.417085+00:00,960362b0-fb3a-44dd-8261-c842ee516913,32f1d8db-22ea-45a0-9823-459836414517,8291658e-8342-4f76-b3b0-571a51f96091
fd83bd28-bb02-495d-b1f0-41db2972e656,1,阳光玫瑰,露天栽培,我去取,109.34337,24.10967,348.77,2024-03-30T06:48:48.242247+00:00,2024-04-28T07:11:51.966921+00:00,960362b0-fb3a-44dd-8261-c842ee516913,c2fda895-a6ec-4f6c-a59a-d4a99e3d71e8,ea676092-9fbe-431f-9639-7b1dd58125fd
3b92b168-f1ea-4d74-b28c-7a4b1c068163,1,巨峰,露天栽培,明阳模型,108.23119,22.61043,3.33,2024-05-01T04:51:49.157662+00:00,2024-05-01T04:51:49.157692+00:00,960362b0-fb3a-44dd-8261-c842ee516913,3779def5-2a29-4a3b-a037-c068314ef2a6,c6e5a7e0-3d4c-4429-bf95-23d53ae34ae2
0d4bc2f2-b8a9-4e73-a834-4195e986b8ad,1,夏黑,露天栽培,1,109.3586,24.14861,226.42,2025-09-01T06:01:07.984076+00:00,2025-09-01T06:01:07.984095+00:00,960362b0-fb3a-44dd-8261-c842ee516913,3fc82092-a7dc-4f1a-9a47-94e5b64e28b4,92431ccc-ef09-437a-bd8c-109fe93679ed
7224cbfc-a075-49f3-a298-9edbdb8f2519,1,毛葡萄野酿2,露天栽培,毛葡萄正常打,108.10996,23.8301,1.48,2024-05-05T08:58:01.536247+00:00,2024-05-05T08:58:27.035583+00:00,960362b0-fb3a-44dd-8261-c842ee516913,5c29d00d-31d0-43be-be48-e29be63a3bb6,8291658e-8342-4f76-b3b0-571a51f96091
a88873f3-161f-4fe3-94d0-7210f252b738,1,夏黑,露天栽培,test,108.04789,34.28993,6.96,2024-06-20T09:39:06.593757+00:00,2024-06-20T09:39:06.593775+00:00,960362b0-fb3a-44dd-8261-c842ee516913,6e877393-afe1-4376-b650-784a4546ee8d,92431ccc-ef09-437a-bd8c-109fe93679ed
f6eea95c-9b5d-4e6b-843b-b6bd54df779a,11,巨玫瑰,避雨栽培,test3,117.12584,36.21667,6.23,2024-06-21T08:14:18.383005+00:00,2024-06-21T08:14:18.383023+00:00,38596e04-8595-4a31-8121-39678f903ddb,4a46fb3e-97c3-4741-9f14-719a6cd269cc,39aa346e-2128-4d60-8d02-5231c65a2faf
6930d971-fdca-4150-b0cf-3bed073a6df5,1,阳光玫瑰,露天栽培,aaa,117.12701,36.19991,2.4,2024-05-06T08:44:06.397978+00:00,2024-05-06T08:44:06.398003+00:00,960362b0-fb3a-44dd-8261-c842ee516913,c758f053-99a9-492c-9218-623a857707d5,ea676092-9fbe-431f-9639-7b1dd58125fd
19912ba1-a3a7-42b1-b365-cf0c2f2837ad,1,阳光玫瑰,露天栽培,21,109.2761,24.29278,15.89,2024-01-11T12:45:19.430338+00:00,2024-01-11T14:20:22.442537+00:00,960362b0-fb3a-44dd-8261-c842ee516913,00934011-e9ec-41a3-bbaf-83c9f7cede0a,ea676092-9fbe-431f-9639-7b1dd58125fd
65a4dfb4-d3ea-4be8-aa12-737768decd75,14,大粒玫瑰香,露天栽培,明阳2号,108.65225,23.44588,1.02,2024-06-21T09:42:40.271337+00:00,2024-06-21T09:42:40.271354+00:00,960362b0-fb3a-44dd-8261-c842ee516913,7f7a87a5-5e42-497f-8e59-2fb745dda61c,0eb398ba-f139-4593-8f4e-4966a8183192
91785a54-246c-4ef1-846c-791df6f71b5f,12,毛葡萄野酿2,露天栽培,都安基地,108.12839,23.89047,200.38,2025-11-03T01:34:18.449036+00:00,2025-11-03T01:34:18.449054+00:00,960362b0-fb3a-44dd-8261-c842ee516913,4f6d1295-e469-4de7-9062-41cbbbad8a4f,8291658e-8342-4f76-b3b0-571a51f96091
62912313-2877-4040-a51f-c00a2b652672,1,夏黑,露天栽培,12346,109.28595,24.24573,59255.1,2024-10-12T08:03:11.106535+00:00,2024-10-12T08:03:11.106571+00:00,960362b0-fb3a-44dd-8261-c842ee516913,0e418556-e72f-4eb1-a004-9a0bcdd3ede9,92431ccc-ef09-437a-bd8c-109fe93679ed
8362d256-2e01-4a02-a6cf-caa5a107235a,10,毛葡萄野酿2,露天栽培,1,108.24612,22.84223,88.52,2026-04-22T08:39:48.143514+00:00,2026-04-22T08:39:48.143536+00:00,960362b0-fb3a-44dd-8261-c842ee516913,f94b4d4a-af42-41e8-875b-f103e0d20376,8291658e-8342-4f76-b3b0-571a51f96091
a778ce5d-6d47-420c-a292-95b45958231b,6,阳光玫瑰,露天栽培,杨陵,108.07482,34.34683,482.28,2026-05-10T08:12:57.533048+00:00,2026-05-10T08:12:57.533071+00:00,960362b0-fb3a-44dd-8261-c842ee516913,54d00573-b84c-4dec-b428-c55f50d24ba8,ea676092-9fbe-431f-9639-7b1dd58125fd
3a4010b3-bc87-43e8-bc0d-7d94ff1b104c,1,夏黑,露天栽培,22222,117.12802,36.20178,24.14,2024-10-26T03:41:15.212750+00:00,2024-10-26T03:41:15.212766+00:00,960362b0-fb3a-44dd-8261-c842ee516913,de33263d-acb6-417c-8dfa-aae7e5e11f75,92431ccc-ef09-437a-bd8c-109fe93679ed
d07495db-76ae-4546-9b59-a1e23bc2eedc,1,夏黑,露天栽培,369,117.12555,36.20247,108.84,2024-10-26T07:16:00.866269+00:00,2024-10-26T07:16:00.866285+00:00,960362b0-fb3a-44dd-8261-c842ee516913,e6e707ad-4eeb-42bf-9691-92f52a7dbb8b,92431ccc-ef09-437a-bd8c-109fe93679ed
67ece375-ca1a-49cf-8931-b098a1585900,1,夏黑,露天栽培,w,117.12689,36.20655,2.02,2024-10-27T14:05:54.093351+00:00,2024-10-27T14:05:54.093368+00:00,960362b0-fb3a-44dd-8261-c842ee516913,9871c9b3-6b2c-4d71-8cd9-a8cd64c8927f,92431ccc-ef09-437a-bd8c-109fe93679ed
4b4b64d3-7da2-4818-8d6e-8c1ec54f56ca,1,夏黑,露天栽培,岳麓山,112.94898,28.19525,230.53,2024-10-31T08:27:21.255799+00:00,2024-10-31T08:27:21.255815+00:00,960362b0-fb3a-44dd-8261-c842ee516913,5ac079ce-15c6-445b-9dc7-da33c50903d9,92431ccc-ef09-437a-bd8c-109fe93679ed
b444a6dd-1219-4db5-b5c5-007c015d2498,4,阳光玫瑰,露天栽培,测试地块2,108.32829,22.81649,8.36,2024-11-01T01:41:32.443751+00:00,2024-11-01T01:41:32.443767+00:00,960362b0-fb3a-44dd-8261-c842ee516913,c45a300a-d4c6-410a-a712-0e39f89864ad,ea676092-9fbe-431f-9639-7b1dd58125fd
0f950d23-578f-4d54-a899-f0cc0fb58e32,1,夏黑,露天栽培,12,108.11064,23.8326,6.91,2024-11-04T03:56:51.774181+00:00,2024-11-04T03:56:51.774199+00:00,960362b0-fb3a-44dd-8261-c842ee516913,8582ab31-4b52-47c6-bd61-1368f816845d,92431ccc-ef09-437a-bd8c-109fe93679ed
a001c345-ac1d-4307-b84b-83ed5f4abf1e,8,夏黑,露天栽培,上江毛葡萄,98.87627,25.65819,16.44,2024-11-04T04:16:17.669419+00:00,2024-11-04T04:16:17.669447+00:00,960362b0-fb3a-44dd-8261-c842ee516913,8319d897-8077-4432-b98c-0f3621b89190,92431ccc-ef09-437a-bd8c-109fe93679ed
e875ec3b-1062-458d-a857-bb41b1d1199b,8,夏黑,露天栽培,梁耀康毛葡萄,108.10715,23.83137,277.17,2024-11-04T05:11:17.516573+00:00,2024-11-04T05:11:17.516590+00:00,960362b0-fb3a-44dd-8261-c842ee516913,ac1e98fe-0d1c-4194-9781-0a5bb1b7e010,92431ccc-ef09-437a-bd8c-109fe93679ed
8d022f35-9c7a-4734-8362-f9aae4874cd2,8,夏黑,露天栽培,测试地块3,108.10675,23.83087,338.93,2024-11-04T06:21:58.042072+00:00,2024-11-04T06:21:58.042089+00:00,960362b0-fb3a-44dd-8261-c842ee516913,02d856b3-9496-4dca-bb27-5aeeab297d83,92431ccc-ef09-437a-bd8c-109fe93679ed
d4a489f6-7fbc-46a6-beaf-b0bf1ae64310,1,粉红亚都蜜,露天栽培,qwwww,117.12706,36.19826,72.42,2024-04-09T14:14:55.494388+00:00,2024-05-10T01:53:18.319993+00:00,960362b0-fb3a-44dd-8261-c842ee516913,37535973-6937-48ac-9084-383f76ea1084,c31a3c10-49de-4443-8884-081f32f0f4e4
38a98fc0-c4d3-4e18-90c8-1670a4158b5b,1,夏黑,露天栽培,测试,108.08002,34.32509,10.89,2024-12-01T06:18:35.776737+00:00,2024-12-01T06:18:35.776754+00:00,960362b0-fb3a-44dd-8261-c842ee516913,6b0f7b48-4a6d-4a7c-9e70-904c598e4e2f,92431ccc-ef09-437a-bd8c-109fe93679ed
983b41b7-b2e3-4066-a9c7-7b90516294cd,20,阳光玫瑰,避雨栽培,广西农科院葡萄所明阳基地,108.24043,22.6112,249.33,2025-04-27T08:51:15.170463+00:00,2025-04-27T08:51:15.170481+00:00,38596e04-8595-4a31-8121-39678f903ddb,b2da7645-e2e0-4c6a-9e86-b0a88c36caf9,ea676092-9fbe-431f-9639-7b1dd58125fd
a4a64fc6-8c20-49ff-ac5c-08d9acf0ff99,11,毛葡萄野酿2,露天栽培,添添种植家庭农场,108.69467,24.7039,104.09,2025-04-28T08:54:45.933545+00:00,2025-04-28T08:54:45.933562+00:00,960362b0-fb3a-44dd-8261-c842ee516913,6a6e0870-369e-4bdb-ab72-b7421ec8d625,8291658e-8342-4f76-b3b0-571a51f96091
ef2d9b36-21ab-437f-a613-323fcc4e6ee3,1,夏黑,露天栽培,11,117.1267,36.19997,184.98,2025-07-29T07:01:47.278149+00:00,2025-07-29T07:01:47.278167+00:00,960362b0-fb3a-44dd-8261-c842ee516913,705bccfc-8963-4c4c-8495-ef305915bd22,92431ccc-ef09-437a-bd8c-109fe93679ed
872170c9-ad12-4819-9732-03ce26898cee,1,巨峰,露天栽培,测试,109.47943,24.35549,2172.54,2025-09-01T06:06:30.457529+00:00,2025-09-01T06:06:30.457546+00:00,960362b0-fb3a-44dd-8261-c842ee516913,98f3d6a0-2aab-4378-baba-3308789a17c6,c6e5a7e0-3d4c-4429-bf95-23d53ae34ae2
7c081873-fad2-49c1-84cb-c6250e3ad2c7,9,维多利亚,避雨栽培,1w,117.12392,36.20401,0.75,2024-06-21T02:00:38.558197+00:00,2024-06-21T02:00:38.558257+00:00,38596e04-8595-4a31-8121-39678f903ddb,e82fa234-374d-4323-a89e-3a378cd371a6,29b1dd8f-23a4-422f-b63f-7f53bf90c517
352f2448-a855-4eb6-afa4-7a98cbeaae30,2,红地球,露天栽培,111,117.12504,36.19968,207.6,2026-04-24T07:19:32.151697+00:00,2026-04-24T07:19:32.151721+00:00,960362b0-fb3a-44dd-8261-c842ee516913,abf8787b-1afe-4fca-9340-794ddd673f1f,63f670bd-b5ff-470a-a657-6a200dba0987
160c59d1-d13d-4917-8b25-7aac73c9df59,10,毛葡萄野酿2,露天栽培,归东村刺葡萄,109.45474,25.76244,290.37,2026-05-13T01:27:38.282710+00:00,2026-05-13T01:27:38.282727+00:00,960362b0-fb3a-44dd-8261-c842ee516913,2d794b31-dc2e-47b7-a593-ec224141ea2c,8291658e-8342-4f76-b3b0-571a51f96091
06f61fab-d768-4a0a-8105-bc4069f69b09,8,毛葡萄野酿2,露天栽培,弄耀毛葡萄,107.91745,24.18889,150.13,2024-07-30T10:06:18.931603+00:00,2024-07-30T10:06:18.931620+00:00,960362b0-fb3a-44dd-8261-c842ee516913,0fdb529e-b73e-41eb-bf3f-bf7312aa56fe,8291658e-8342-4f76-b3b0-571a51f96091
f321826f-1fc3-4cc9-a074-84161e912c88,1,黑比诺,露天栽培,112121,109.40349,24.1783,2.41,2024-01-15T14:18:02.363760+00:00,2024-04-28T07:16:21.567283+00:00,960362b0-fb3a-44dd-8261-c842ee516913,a0c9fa7e-e8d3-4b31-b74b-37d64f2c7988,8f7f2af8-3950-45d0-97e2-879b0598f293
445f0f8a-cd86-4e50-8f6d-0604c1376dde,7,黑玫瑰,露天栽培,test4,117.1264,36.21612,3.93,2024-06-21T08:19:25.714766+00:00,2024-06-21T08:19:25.714783+00:00,960362b0-fb3a-44dd-8261-c842ee516913,25c291d3-849d-43e5-990b-67efce3c33a3,6e29e70e-aa75-4d34-84da-a2266340ea76
02e530a1-4e6b-4756-a67a-03c2f3d8071a,1,黑玫瑰,露天栽培,qwer,115.47318,35.23717,1044.37,2024-04-10T06:59:17.467726+00:00,2024-05-24T08:08:33.252483+00:00,960362b0-fb3a-44dd-8261-c842ee516913,4b271c4f-5f53-4ff8-bb4a-c3e7a5cce57a,6e29e70e-aa75-4d34-84da-a2266340ea76
372c2026-c03d-4c09-80ff-13d5cedabba1,1,夏黑,露天栽培,waf,109.33525,24.09892,6390.7,2024-01-14T08:37:34.322856+00:00,2024-01-14T08:37:34.322873+00:00,960362b0-fb3a-44dd-8261-c842ee516913,af97676e-dfa8-465b-9e4a-0f1184509465,92431ccc-ef09-437a-bd8c-109fe93679ed
aa45dc67-a444-4b21-8ee4-57924246d580,1,夏黑,露天栽培,1,109.39812,23.9271,3579.12,2024-03-30T06:52:38.731603+00:00,2024-03-30T06:52:38.731619+00:00,960362b0-fb3a-44dd-8261-c842ee516913,61b9ccb3-2990-4273-9be6-2b1ebb834cfb,92431ccc-ef09-437a-bd8c-109fe93679ed
a1edff62-cc96-4109-b1aa-1dfb95f953a9,3,金手指,露天栽培,我的,117.12732,36.20026,119.28,2024-04-01T06:35:25.640851+00:00,2024-04-01T06:35:25.640869+00:00,960362b0-fb3a-44dd-8261-c842ee516913,896aed42-0ddb-4f65-b24c-ccecfdc7bb95,bdffdc9e-54fa-475c-8d43-b7ceacc117af
a905d079-8c12-4cd2-b0d3-b02790173545,1,毛葡萄野酿系列,露天栽培,毛葡萄,108.11018,23.83105,0.28,2024-04-02T05:08:00.809618+00:00,2024-04-02T05:08:38.902734+00:00,960362b0-fb3a-44dd-8261-c842ee516913,dc78547c-90c4-45ce-b7ce-f3e8fb64bb70,70dc8fbf-dde2-49fc-9fed-eaabefdd2071
831a4c4b-8428-484c-8896-7a9e673e2bcf,1,毛葡萄野酿2,露天栽培,测试地块1,120.12399,35.99878,55.81,2024-10-22T12:28:17.241582+00:00,2024-10-22T12:28:17.241599+00:00,960362b0-fb3a-44dd-8261-c842ee516913,da6e93be-0bd0-43b7-ac0f-178717a586bc,8291658e-8342-4f76-b3b0-571a51f96091
e2b099a5-db0d-40ce-84fc-09aabce705ff,1,巨玫瑰,露天栽培,11123,117.12877,36.20001,39.38,2024-04-09T14:16:24.706725+00:00,2024-04-09T14:16:24.706744+00:00,960362b0-fb3a-44dd-8261-c842ee516913,e6191129-a648-46f4-86e5-08ad8dc4be87,39aa346e-2128-4d60-8d02-5231c65a2faf
efe1d859-b672-4d78-9790-77f415b5bf08,1,阳光玫瑰,露天栽培,山科,116.7906,36.67358,19.99,2024-04-10T10:12:47.171016+00:00,2024-04-10T10:12:47.171034+00:00,960362b0-fb3a-44dd-8261-c842ee516913,88646769-4727-4340-997b-460a346b1a62,ea676092-9fbe-431f-9639-7b1dd58125fd
32efd886-eb38-49a2-b4c5-ef972a3433f1,1,夏黑,露天栽培,山东,117.12899,36.20224,1.23,2024-04-11T08:47:40.204391+00:00,2024-04-11T08:47:40.204408+00:00,960362b0-fb3a-44dd-8261-c842ee516913,1dd36d24-bdc0-4eb1-b6c6-2cc722d8cc71,92431ccc-ef09-437a-bd8c-109fe93679ed
08c26eea-86aa-4453-9399-54df0f7e0d00,10,毛葡萄野酿2,露天栽培,茶垌屯,108.70132,24.86752,14.87,2024-09-09T07:00:25.527042+00:00,2024-09-09T07:00:25.527059+00:00,960362b0-fb3a-44dd-8261-c842ee516913,3bbb6135-2b70-4b00-ba03-2f3073195a2a,8291658e-8342-4f76-b3b0-571a51f96091
32bcbca2-bcac-4be2-99fb-55744735efd2,8,黑玫瑰,避雨栽培,test5,117.12369,36.21714,1.4,2024-06-21T08:26:27.468522+00:00,2024-06-21T08:26:27.468540+00:00,38596e04-8595-4a31-8121-39678f903ddb,c6f3b293-f5df-449c-afe6-2c36ceed5272,6e29e70e-aa75-4d34-84da-a2266340ea76
8c9e57ba-6b4d-4cc8-a126-6146bffe456e,1,夏黑,露天栽培,qwer,109.36084,24.15063,231.07,2024-12-01T15:56:29.137154+00:00,2024-12-01T15:56:29.137183+00:00,960362b0-fb3a-44dd-8261-c842ee516913,34186779-cb67-488f-9425-847e4b052413,92431ccc-ef09-437a-bd8c-109fe93679ed
a5267fab-cb66-4a96-9893-9f982ae64191,6,毛葡萄野酿1,露天栽培,田阳县五村镇巴某村,106.75538,23.52439,386.18,2025-04-27T08:52:16.144279+00:00,2025-04-27T08:52:16.144295+00:00,960362b0-fb3a-44dd-8261-c842ee516913,27fe044a-25e8-410b-98e9-aed5c4d7736e,70dc8fbf-dde2-49fc-9fed-eaabefdd2071
1d2f7866-3d16-4cc2-a3c3-5f91851830a9,1,毛葡萄野酿2,露天栽培,金峒屯陈记果金源葡萄园,108.79162,24.74451,14.03,2025-04-29T09:14:48.929228+00:00,2025-04-29T09:15:31.106865+00:00,960362b0-fb3a-44dd-8261-c842ee516913,ca514b07-2afc-43fd-8eca-63e0624477e6,8291658e-8342-4f76-b3b0-571a51f96091
59f3dfc4-9c48-4191-ba88-f083641be764,1,夏黑,露天栽培,222,117.12627,36.20254,137.55,2025-07-29T09:33:18.741075+00:00,2025-07-29T09:33:18.741091+00:00,960362b0-fb3a-44dd-8261-c842ee516913,a2b8707d-b12e-48b3-9f36-9bca27ed9132,92431ccc-ef09-437a-bd8c-109fe93679ed
54748a1a-c340-4452-8cd6-bb49a89259e6,1,夏黑,露天栽培,12346,109.28595,24.24573,59255.1,2024-10-12T08:03:11.057480+00:00,2024-10-12T08:03:11.057500+00:00,960362b0-fb3a-44dd-8261-c842ee516913,0e418556-e72f-4eb1-a004-9a0bcdd3ede9,92431ccc-ef09-437a-bd8c-109fe93679ed
459a8948-b5cf-4a03-997d-ba547e977b2e,1,阳光玫瑰,露天栽培,田块1,109.3619,24.15148,138.4,2025-09-01T06:11:43.075434+00:00,2025-09-01T06:11:43.075450+00:00,960362b0-fb3a-44dd-8261-c842ee516913,20a34f12-fe36-468b-919d-48f231c1f70d,ea676092-9fbe-431f-9639-7b1dd58125fd
a7eaa117-5576-4aaa-843f-c630002c4520,15,毛葡萄野酿2,露天栽培,罗城县四把镇基地,108.81386,24.72558,169.02,2025-11-03T02:05:48.510951+00:00,2025-11-03T02:05:48.510968+00:00,960362b0-fb3a-44dd-8261-c842ee516913,63475fa4-f42c-4ccf-afc6-a5a840aff078,8291658e-8342-4f76-b3b0-571a51f96091
50f4f48c-223c-43e1-909b-985343c1fb90,1,夏黑,露天栽培,测试模型,116.45794,39.93841,209.56,2026-04-24T08:07:09.137621+00:00,2026-04-24T08:07:09.137644+00:00,960362b0-fb3a-44dd-8261-c842ee516913,0b931a21-ab58-48b2-bfa7-1b0bcfb0db32,92431ccc-ef09-437a-bd8c-109fe93679ed
9331a461-45ce-4e79-94e6-a729f0f84653,3,阳光玫瑰,露天栽培,测试地块2,108.24927,22.84118,243.2,2024-10-22T12:28:26.942867+00:00,2024-10-22T12:28:26.942890+00:00,960362b0-fb3a-44dd-8261-c842ee516913,8f47e80e-c6fc-4559-97f5-381b09f048dd,ea676092-9fbe-431f-9639-7b1dd58125fd
68d761f9-ba17-4eca-be33-3396acffd270,1,夏黑,露天栽培,234,117.126,36.19923,127.05,2024-10-26T05:47:05.608681+00:00,2024-10-26T05:47:05.608699+00:00,960362b0-fb3a-44dd-8261-c842ee516913,f1d541c7-c13b-4c54-b3df-6e5d7a9ff1ac,92431ccc-ef09-437a-bd8c-109fe93679ed
47ea5f25-b67d-4073-91a5-1fcb8f24afcc,1,黑玫瑰,露天栽培,泰安的一号山科的一号地块,117.12665,36.1995,0.96,2024-04-19T00:51:59.295773+00:00,2024-04-19T00:51:59.295791+00:00,960362b0-fb3a-44dd-8261-c842ee516913,31a553f1-d926-4edb-85b0-339862d59143,6e29e70e-aa75-4d34-84da-a2266340ea76
a7588670-4f65-470f-b60a-971f230cb23e,1,夏黑,露天栽培,U,117.1311,36.19999,2.5,2024-04-19T00:53:40.327468+00:00,2024-04-19T00:53:40.327485+00:00,960362b0-fb3a-44dd-8261-c842ee516913,d463c606-ffa0-4095-97ca-a329be741287,92431ccc-ef09-437a-bd8c-109fe93679ed
60e8a939-a2eb-440e-8d58-11ac367da33d,4,巨峰,露天栽培,明阳基地（通知）,108.23022,22.61103,2.28,2024-04-20T09:32:00.736036+00:00,2024-04-20T09:32:00.736055+00:00,960362b0-fb3a-44dd-8261-c842ee516913,8c268540-2a6a-480e-beb1-825a54b49e8d,c6e5a7e0-3d4c-4429-bf95-23d53ae34ae2
6d415e77-559d-4216-8b2d-7b0003afe74f,1,夏黑,露天栽培,54,117.12527,36.20161,58.89,2024-10-26T07:12:10.919584+00:00,2024-10-26T07:12:10.919600+00:00,960362b0-fb3a-44dd-8261-c842ee516913,cb5c14ed-a696-448b-ac0d-36c579b1b62d,92431ccc-ef09-437a-bd8c-109fe93679ed
8ac31b72-0267-4b2b-818b-b7498693c7cf,4,巨峰,露天栽培,明阳,108.24091,22.63037,0.23,2024-04-20T09:27:53.907183+00:00,2024-04-20T09:27:53.907200+00:00,960362b0-fb3a-44dd-8261-c842ee516913,acd8da04-e188-44a7-b567-db438e1f0731,c6e5a7e0-3d4c-4429-bf95-23d53ae34ae2
90c107f2-775c-4a1a-9962-1b976fc99398,1,巨峰,露天栽培,明阳-巨峰,108.23281,22.60917,0.62,2024-04-22T04:50:21.250941+00:00,2024-04-22T04:50:21.250958+00:00,960362b0-fb3a-44dd-8261-c842ee516913,806f4a35-ea2e-4559-b9ae-00478dd64852,c6e5a7e0-3d4c-4429-bf95-23d53ae34ae2
3431e4e3-7cb4-4e5c-90b4-4f6ceb529fed,6,阳光玫瑰,避雨栽培,ty4etry,-122.08263,37.4188,937.18,2024-04-28T08:53:00.585479+00:00,2024-04-28T08:54:37.648806+00:00,38596e04-8595-4a31-8121-39678f903ddb,cdd4e56e-2993-4906-8708-2d0ffdfbdb5c,ea676092-9fbe-431f-9639-7b1dd58125fd
72a9612a-fdc7-4d5c-ac98-c2f857d98ec0,8,毛葡萄野酿2,露天栽培,都安（正常）,108.10969,23.82991,2.81,2024-04-26T00:57:20.842057+00:00,2024-04-26T00:57:20.842073+00:00,960362b0-fb3a-44dd-8261-c842ee516913,0691d1f9-7cba-4944-90ec-eb293084682f,8291658e-8342-4f76-b3b0-571a51f96091
28da9d16-dca6-42d0-a44d-a7276db2b249,4,巨峰,露天栽培,明阳基地（正常）,108.2307,22.6111,4.98,2024-04-22T08:16:00.166857+00:00,2024-04-22T08:16:00.166905+00:00,960362b0-fb3a-44dd-8261-c842ee516913,6b1ffd80-df9b-4ad8-9a9d-35a401d8674d,c6e5a7e0-3d4c-4429-bf95-23d53ae34ae2
e2ec4d21-abc2-4d56-a652-a73f4960fc18,1,巨峰,露天栽培,不打-1,108.23051,22.61054,0.19,2024-05-01T04:47:24.626683+00:00,2024-05-01T04:47:24.626700+00:00,960362b0-fb3a-44dd-8261-c842ee516913,f7e0c11b-aa73-449b-98d1-824b28a069b9,c6e5a7e0-3d4c-4429-bf95-23d53ae34ae2
315ff872-4e31-4959-9bff-56cd95346f8b,1,夏黑,露天栽培,121,-122.0873,37.42858,34.3,2024-10-31T08:36:21.945853+00:00,2024-10-31T08:36:21.945870+00:00,960362b0-fb3a-44dd-8261-c842ee516913,a8c87939-b182-4a6a-ad99-58eae2c6461c,92431ccc-ef09-437a-bd8c-109fe93679ed
d0871a80-485c-42cd-add7-8a3400ed3672,1,巨峰,露天栽培,明阳正常打,108.23089,22.61056,1.24,2024-05-01T04:52:06.515789+00:00,2024-05-01T04:52:06.515806+00:00,960362b0-fb3a-44dd-8261-c842ee516913,32368242-0da1-4965-96c5-7c88c4c00710,c6e5a7e0-3d4c-4429-bf95-23d53ae34ae2
da8f920f-3f05-4e2d-b3fd-a97c3c392987,2,阳光玫瑰,避雨栽培,测试地块,108.32815,22.8165,8.78,2024-10-31T10:55:35.026770+00:00,2024-10-31T10:55:35.026786+00:00,38596e04-8595-4a31-8121-39678f903ddb,f2e55a5f-2670-471d-9ba4-426de6e47f96,ea676092-9fbe-431f-9639-7b1dd58125fd
26e30863-b10a-4ead-89d4-f43246e2650f,1,毛葡萄野酿2,露天栽培,毛葡萄不打,108.10977,23.83009,0.73,2024-05-05T09:01:27.670440+00:00,2024-05-05T09:01:27.670462+00:00,960362b0-fb3a-44dd-8261-c842ee516913,854d12af-3ade-4af5-bfda-0c1b6ec05f51,8291658e-8342-4f76-b3b0-571a51f96091
1774ef3b-1213-456a-a9ca-8bc4a9b3975a,1,夏黑,露天栽培,广西,108.33004,22.81626,223.52,2024-11-03T12:17:10.800782+00:00,2024-11-03T12:17:10.800798+00:00,960362b0-fb3a-44dd-8261-c842ee516913,f866ce52-22aa-4b23-a5de-2592ea34fc8e,92431ccc-ef09-437a-bd8c-109fe93679ed
6961b654-23d1-4917-af85-a02a9022e2a6,1,夏黑,露天栽培,1,109.35479,24.15552,28.66,2024-11-03T12:49:35.701549+00:00,2024-11-03T12:49:35.701568+00:00,960362b0-fb3a-44dd-8261-c842ee516913,c466ecad-6e9e-47cc-9a25-1e245e03d91f,92431ccc-ef09-437a-bd8c-109fe93679ed
56de75a0-6a7f-4317-ac0b-fa1072572031,1,毛葡萄野酿1,露天栽培,毛葡萄通知,108.1098,23.83008,0.86,2024-04-27T11:03:02.881668+00:00,2024-04-27T11:03:02.881687+00:00,960362b0-fb3a-44dd-8261-c842ee516913,b61f5fee-bb57-4923-8723-0a399ab915b5,70dc8fbf-dde2-49fc-9fed-eaabefdd2071
068ec16e-d1c1-4ce8-bbe1-0fe008fb7836,7,巨玫瑰,避雨栽培,test2,117.12698,36.2096,6.4,2024-06-21T02:05:50.431840+00:00,2024-06-21T02:05:50.431859+00:00,38596e04-8595-4a31-8121-39678f903ddb,3d3bdc5c-bc4b-4deb-a4c1-1c18f455d389,39aa346e-2128-4d60-8d02-5231c65a2faf
7a0a5795-09db-453a-96ff-3595253fc1f3,4,巨峰,露天栽培,明阳基地（不打）,108.23913,22.61471,5.54,2024-04-25T02:28:17.690088+00:00,2024-04-25T02:28:17.690104+00:00,960362b0-fb3a-44dd-8261-c842ee516913,584510ad-67ca-4395-a17f-0aad4646662a,c6e5a7e0-3d4c-4429-bf95-23d53ae34ae2
fff5b035-4ea9-40f6-90c5-0645b58c1a66,8,毛葡萄野酿2,露天栽培,都安（通知）,108.11032,23.83093,8.97,2024-04-22T08:04:37.602442+00:00,2024-04-22T08:04:37.602459+00:00,960362b0-fb3a-44dd-8261-c842ee516913,9366701c-1a05-413a-b049-a28dbef21e71,8291658e-8342-4f76-b3b0-571a51f96091
bff54e07-60d9-432a-9adf-e06846b942f9,8,夏黑,露天栽培,荣,108.70143,24.86412,4.78,2024-11-08T06:33:50.327332+00:00,2024-11-08T06:33:50.327350+00:00,960362b0-fb3a-44dd-8261-c842ee516913,7d5e97da-aed9-456e-a041-60d29aafeca8,92431ccc-ef09-437a-bd8c-109fe93679ed
b4519910-2c4e-43e0-a847-2ef9414ff4e9,1,夏黑,露天栽培,巴富洛2号,116.92217,36.21822,440.62,2024-11-12T12:10:43.585445+00:00,2024-11-12T12:10:43.585462+00:00,960362b0-fb3a-44dd-8261-c842ee516913,9cf5db27-0e10-47f8-98f5-82e50376f862,92431ccc-ef09-437a-bd8c-109fe93679ed
92c5cc80-aa07-419a-bf47-f0d5c945b639,1,阳光玫瑰,露天栽培,巴夫洛9号葡萄种植实验地,116.92004,36.21069,560.19,2024-11-12T13:17:26.365919+00:00,2024-11-12T13:17:26.365937+00:00,960362b0-fb3a-44dd-8261-c842ee516913,018356eb-bac7-4cf8-b618-1e466c333aba,ea676092-9fbe-431f-9639-7b1dd58125fd
18454d06-060e-411e-a66f-5eec8f04d7ab,1,夏黑,露天栽培,道朗镇1号,116.92323,36.21539,20.23,2024-11-12T13:43:16.814889+00:00,2024-11-12T13:43:16.814906+00:00,960362b0-fb3a-44dd-8261-c842ee516913,040edff1-cfab-40e8-a447-be469b550904,92431ccc-ef09-437a-bd8c-109fe93679ed
971df125-0140-4ae8-b067-e99bde55e2a2,1,阳光玫瑰,露天栽培,道朗葡萄1,116.90564,36.20832,226.49,2024-11-12T15:52:24.194468+00:00,2024-11-12T15:52:24.194485+00:00,960362b0-fb3a-44dd-8261-c842ee516913,49629704-36e4-4b31-906c-264d5ad41d3f,ea676092-9fbe-431f-9639-7b1dd58125fd
7c62c035-1291-41a3-a223-6ce4e4bf5837,1,夏黑,露天栽培,巴地块1号,116.9204,36.21802,139.37,2024-11-12T23:45:03.797718+00:00,2024-11-12T23:45:03.797736+00:00,960362b0-fb3a-44dd-8261-c842ee516913,b2c98cda-146e-4cba-b99b-b81237e68b52,92431ccc-ef09-437a-bd8c-109fe93679ed
de9fd0bb-81a7-4f80-a43d-920b9f08af7d,1,夏黑,露天栽培,1,120.11573,36.00054,3.53,2024-11-13T00:24:56.193059+00:00,2024-11-13T00:24:56.193077+00:00,960362b0-fb3a-44dd-8261-c842ee516913,3f530030-df7a-40b2-9dfa-0996493f6053,92431ccc-ef09-437a-bd8c-109fe93679ed
79e693a4-3925-4ef8-91cf-7cbf01ec7bda,2,金手指,露天栽培,sdust,120.12906,36.00377,3.45,2024-11-13T05:27:10.587889+00:00,2024-11-13T05:27:10.587906+00:00,960362b0-fb3a-44dd-8261-c842ee516913,d517c933-521a-4561-9a05-5123b864bd84,bdffdc9e-54fa-475c-8d43-b7ceacc117af
4c947cab-384a-48e2-9bef-b739f7770c97,1,夏黑,露天栽培,123,109.36109,24.15006,89.25,2024-11-15T06:20:56.777940+00:00,2024-11-15T06:20:56.777955+00:00,960362b0-fb3a-44dd-8261-c842ee516913,a8b684ab-9505-4acf-8923-a3f3650858d1,92431ccc-ef09-437a-bd8c-109fe93679ed
ad427d04-b2a7-44a7-be42-fe05a7e33276,1,夏黑,露天栽培,zwc,117.12851,36.19753,2.8,2025-01-03T01:44:41.372981+00:00,2025-01-03T01:44:41.372998+00:00,960362b0-fb3a-44dd-8261-c842ee516913,7fd2b0d4-d68a-409d-93e0-efcc58378375,92431ccc-ef09-437a-bd8c-109fe93679ed
1dac3861-ceff-45bd-b431-b535a42a23df,13,毛葡萄野酿2,露天栽培,广西农科院葡萄园,108.24616,22.84702,617.85,2025-05-06T11:28:17.386851+00:00,2025-05-06T11:28:17.386869+00:00,960362b0-fb3a-44dd-8261-c842ee516913,eeae00cc-4449-4283-ae01-497fc17ac47a,8291658e-8342-4f76-b3b0-571a51f96091
d6f177c1-4c80-43b6-8c96-27611b52fb5b,1,毛葡萄野酿2,露天栽培,记果园,108.79111,24.74511,64.33,2025-04-28T07:40:35.707227+00:00,2025-05-11T08:31:59.055473+00:00,960362b0-fb3a-44dd-8261-c842ee516913,4900500d-0cc7-4e5c-83a6-4bd4c0744dde,8291658e-8342-4f76-b3b0-571a51f96091
57aba373-8f4f-4ff3-ac7b-d9b83ac136eb,1,夏黑,露天栽培,test,117.12593,36.20308,41.44,2025-07-29T09:57:26.488957+00:00,2025-07-29T09:57:26.488974+00:00,960362b0-fb3a-44dd-8261-c842ee516913,52ff374f-ff2e-466b-93c8-9c1bc896c879,92431ccc-ef09-437a-bd8c-109fe93679ed
4e8bf919-50db-47ce-8a8f-9390c29b9093,10,毛葡萄野酿2,露天栽培,22,108.24451,22.83886,324.96,2026-04-24T08:36:33.823376+00:00,2026-04-24T08:36:33.823399+00:00,960362b0-fb3a-44dd-8261-c842ee516913,c77758ba-e0d5-4a44-b0dc-6f326892074f,8291658e-8342-4f76-b3b0-571a51f96091
