id,image,note_id
1817,grape/static/yolo/2-8.jpg,1127
1818,grape/static/yolo/Propamocarb-0300.jpg,1127
1819,grape/static/yolo/4-4.jpg,1127
1820,grape/static/yolo/20220420-washing1.jpg,1127
1821,grape/static/yolo/4-4.jpg,1128
1822,grape/static/yolo/4-4.jpg,1129
1823,grape/static/yolo/Propamocarb-0046.jpg,1131
1824,grape/static/yolo/Propamocarb-0046.jpg,1132
1825,grape/static/yolo/Propamocarb-0300.jpg,1135
1826,grape/static/yolo/Propamocarb-0300.jpg,1136
1827,grape/static/yolo/Propamocarb-0300.jpg,1137
1828,grape/static/yolo/Propamocarb-0300.jpg,1138
1829,grape/static/yolo/Propamocarb-0300.jpg,1139
1830,grape/static/yolo/pv3-4-10x2098.jpg,1139
1831,grape/static/yolo/Propamocarb-0300.jpg,1140
1832,grape/static/yolo/Propamocarb-0046.jpg,1140
1833,grape/static/yolo/10X40fanshiling7.jpg,1140
1834,grape/static/yolo/4-4.jpg,1142
1835,grape/static/yolo/4-4.jpg,1143
1836,grape/static/yolo/4-4.jpg,1145
1837,grape/static/yolo/4-4.jpg,1146
1838,grape/static/yolo/4-4.jpg,1147
1839,grape/static/yolo/pv3-4-10x2098.jpg,1147
1840,grape/static/yolo/4-4.jpg,1148
1841,grape/static/yolo/pv3-4-10x2098.jpg,1148
1842,grape/static/yolo/Propamocarb-0300.jpg,1149
1843,grape/static/yolo/Propamocarb-0046.jpg,1149
1844,grape/static/yolo/Propamocarb-0300.jpg,1150
1845,grape/static/yolo/Propamocarb-0046.jpg,1150
1846,grape/static/yolo/4-4.jpg,1151
1847,grape/static/yolo/pv3-4-10x2098.jpg,1151
1848,grape/static/yolo/Propamocarb-0046.jpg,1151
1849,grape/static/yolo/4-4.jpg,1152
1850,grape/static/yolo/pv3-4-10x2098.jpg,1152
1851,grape/static/yolo/pv3-4-10x2098.jpg,1152
1852,grape/static/yolo/4-4.jpg,1153
1853,grape/static/yolo/pv3-4-10x2098.jpg,1153
1854,grape/static/yolo/pv3-4-10x2098.jpg,1153
1855,grape/static/yolo/pv3-4-10x2098.jpg,1154
1856,grape/static/yolo/Propamocarb-0046.jpg,1154
1857,grape/static/yolo/4-4.jpg,1155
1858,grape/static/yolo/4-4.jpg,1156
1859,grape/static/yolo/pv3-4-10x2098.jpg,1157
1860,grape/static/yolo/4-4.jpg,1158
1861,grape/static/yolo/4-4.jpg,1159
1862,grape/static/yolo/ddH2O27.jpg,1160
1863,grape/static/yolo/ddH2O27.jpg,1161
1864,grape/static/yolo/ddH2O27.jpg,1162
1865,grape/static/yolo/10X40fanshiling7.jpg,1162
1866,grape/static/yolo/ddH2O27.jpg,1163
1867,grape/static/yolo/10X40fanshiling7.jpg,1163
1868,grape/static/yolo/Propamocarb-0046.jpg,1163
1869,grape/static/yolo/ddH2O27.jpg,1164
1870,grape/static/yolo/10X40fanshiling7.jpg,1164
1871,grape/static/yolo/Propamocarb-0046.jpg,1164
1872,grape/static/yolo/Propamocarb-0300.jpg,1164
1873,grape/static/yolo/ddH2O27.jpg,1165
1874,grape/static/yolo/10X40fanshiling7.jpg,1165
1875,grape/static/yolo/Propamocarb-0046.jpg,1165
1876,grape/static/yolo/Propamocarb-0300.jpg,1165
1877,grape/static/yolo/pv3-4-10x2098.jpg,1165
1878,grape/static/yolo/4-4.jpg,1165
1879,grape/static/yolo/4-4.jpg,1166
1880,grape/static/yolo/pv3-4-10x2098.jpg,1167
1881,grape/static/yolo/4-4.jpg,1168
1882,grape/static/yolo/4-4.jpg,1168
1883,grape/static/yolo/Propamocarb-0300.jpg,1168
1884,grape/static/yolo/Propamocarb-0046.jpg,1168
1885,grape/static/yolo/4-4.jpg,1170
1886,grape/static/yolo/pv3-4-10x2098.jpg,1170
1887,grape/static/yolo/4-4.jpg,1171
1888,grape/static/yolo/pv3-4-10x2098.jpg,1171
1889,grape/static/yolo/4-4.jpg,1172
1890,grape/static/yolo/pv3-4-10x2098.jpg,1172
1891,grape/static/yolo/4-4.jpg,1173
1892,grape/static/yolo/pv3-4-10x2098.jpg,1173
1893,grape/static/yolo/4-4.jpg,1174
1894,grape/static/yolo/pv3-4-10x2098.jpg,1174
1895,grape/static/yolo/4-4.jpg,1175
1896,grape/static/yolo/4-4.jpg,1176
1897,grape/static/yolo/4-4.jpg,1177
1898,grape/static/yolo/10X40fanshiling7.jpg,1177
1899,grape/static/yolo/10X40fanshiling7.jpg,1178
1900,grape/static/yolo/4-4.jpg,1178
1901,grape/static/yolo/4-4.jpg,1179
1902,grape/static/yolo/10X40fanshiling7.jpg,1179
1903,grape/static/yolo/Propamocarb-0046.jpg,1179
1904,grape/static/yolo/10X40fanshiling7.jpg,1180
1905,grape/static/yolo/Propamocarb-0046.jpg,1180
1906,grape/static/yolo/4-4.jpg,1180
1907,grape/static/yolo/Propamocarb-0046.jpg,1181
1908,grape/static/yolo/Propamocarb-0300.jpg,1181
1909,grape/static/yolo/Propamocarb-0300.jpg,1182
1910,grape/static/yolo/Propamocarb-0046.jpg,1182
1911,grape/static/yolo/4-4.jpg,1183
1912,grape/static/yolo/4-4.jpg,1184
1913,grape/static/yolo/Propamocarb-0046.jpg,1185
1914,grape/static/yolo/ddH2O27.jpg,1185
1915,grape/static/yolo/Propamocarb-0046.jpg,1186
1916,grape/static/yolo/ddH2O27.jpg,1186
1917,grape/static/yolo/IMG_8602.JPG,1187
1918,grape/static/yolo/IMG_8605.JPG,1187
1919,grape/static/yolo/IMG_8606.JPG,1187
1920,grape/static/yolo/25.JPG,1187
1921,grape/static/yolo/IMG_8606.JPG,1188
1922,grape/static/yolo/IMG_8605.JPG,1188
1923,grape/static/yolo/25.JPG,1188
1924,grape/static/yolo/IMG_8602.JPG,1188
1925,grape/static/yolo/IMG_8602.JPG,1189
1926,grape/static/yolo/IMG_8605.JPG,1189
1927,grape/static/yolo/IMG_8606.JPG,1189
1928,grape/static/yolo/25.JPG,1189
1929,grape/static/yolo/IMG_8606.JPG,1190
1930,grape/static/yolo/IMG_8605.JPG,1190
1931,grape/static/yolo/25.JPG,1190
1932,grape/static/yolo/IMG_8602.JPG,1190
1933,grape/static/yolo/25.JPG,1191
1934,grape/static/yolo/19_1.JPG,1191
1935,grape/static/yolo/32_1.JPG,1191
1936,grape/static/yolo/29_1.JPG,1191
1937,grape/static/yolo/32_2.JPG,1191
1938,grape/static/yolo/29_1.JPG,1192
1939,grape/static/yolo/25.JPG,1192
1940,grape/static/yolo/19_1.JPG,1192
1941,grape/static/yolo/32_1.JPG,1192
1942,grape/static/yolo/32_2.JPG,1192
1943,grape/static/yolo/28_1.JPG,1193
1944,grape/static/yolo/28_1.JPG,1194
1945,grape/static/yolo/23_2.JPG,1195
1946,grape/static/yolo/23_2.JPG,1196
1947,grape/static/yolo/23_2.JPG,1197
1948,grape/static/yolo/观测_10X20-01.jpg,1197
1949,grape/static/yolo/23_2.JPG,1198
1950,grape/static/yolo/观测_10X20-01.jpg,1198
1951,grape/static/yolo/观测_10X20-02.jpg,1199
1952,grape/static/yolo/观测_10X20-02.jpg,1200
1953,grape/static/yolo/观测_10X40-03.jpg,1201
1954,grape/static/yolo/观测_10X40-03.jpg,1202
1955,grape/static/yolo/观测_10X20-0004.json,1203
1956,grape/static/yolo/观测_10X40-01.jpg,1203
1957,grape/static/yolo/观测_10X40-01.jpg,1204
1958,grape/static/yolo/观测10X10_3.jpg,1205
1959,grape/static/yolo/观测10X10_3.jpg,1206
1960,grape/static/yolo/观测10X20_1.jpg,1207
1961,grape/static/yolo/观测10X20_1.jpg,1208
1962,grape/static/yolo/观测10X20_78.jpg,1209
1963,grape/static/yolo/观测10X20_78.jpg,1210
1964,grape/static/yolo/观测10X20_84.jpg,1211
1965,grape/static/yolo/观测10X20_84.jpg,1212
1966,grape/static/yolo/观测10X20_84.jpg,1213
1967,grape/static/yolo/观测10X20_84.jpg,1214
1968,grape/static/yolo/观测10X20_85.jpg,1215
1969,grape/static/yolo/观测10X20_85.jpg,1216
1970,grape/static/yolo/观测10X20_17.jpg,1217
1971,grape/static/yolo/观测10X20_17.jpg,1218
1972,grape/static/yolo/观测10x20_21.tif,1219
1973,grape/static/yolo/观测10x20_21.tif,1220
1974,grape/static/yolo/观测10x20_21.tif,1221
1975,grape/static/yolo/观测10x20_21.tif,1222
1976,grape/static/yolo/观测10X20_31.tif,1223
1977,grape/static/yolo/观测10X20_31.tif,1224
1978,grape/static/yolo/20240516-明-水洗10X20-07.jpg,1225
1979,grape/static/yolo/20240516-明-水洗10X20-07.jpg,1226
1980,grape/static/yolo/20240521-都-水洗10X40-02.jpg,1227
1981,grape/static/yolo/明阳-水洗-10X40-02.jpg,1227
1982,grape/static/yolo/明阳-水洗-10X40-02.jpg,1228
1983,grape/static/yolo/20240521-都-水洗10X40-02.jpg,1228
1984,grape/static/yolo/10X20倍_2.tif,1229
1985,grape/static/yolo/10X20倍_2.tif,1230
1986,grape/static/yolo/10X20倍_3.tif,1231
1987,grape/static/yolo/10X20倍_3.tif,1232
1988,grape/static/yolo/10X20倍_42.tif,1233
1989,grape/static/yolo/10X20倍_42.tif,1234
1990,grape/static/yolo/10X20倍_17.tif,1235
1991,grape/static/yolo/10X20倍_17.tif,1236
1992,grape/static/yolo/10X20倍_21.tif,1237
1993,grape/static/yolo/10X20倍_21.tif,1238
1994,grape/static/yolo/10X20倍_29.tif,1239
1995,grape/static/yolo/10X20倍_29.tif,1240
1996,grape/static/yolo/10X40倍_194.tif,1241
1997,grape/static/yolo/10X40倍_194.tif,1242
1998,grape/static/yolo/10X40倍_155.tif,1243
1999,grape/static/yolo/10X40倍_155.tif,1244
2000,grape/static/yolo/10X40倍_1.tif,1245
2001,grape/static/yolo/10X40倍_1.tif,1246
2002,grape/static/yolo/10X40倍_6.tif,1247
2003,grape/static/yolo/10X40倍_6.tif,1248
2004,grape/static/yolo/10X40倍_8.tif,1249
2005,grape/static/yolo/10X40倍_8.tif,1250
2006,grape/static/yolo/10X40倍_14.tif,1251
2007,grape/static/yolo/10X40倍_14.tif,1252
2008,grape/static/yolo/10X40倍_29.tif,1253
2009,grape/static/yolo/10X40倍_29.tif,1254
2010,grape/static/yolo/10X40倍_29.tif,1255
2011,grape/static/yolo/10X40倍_29.tif,1256
2012,grape/static/yolo/10X40倍_42.tif,1257
2013,grape/static/yolo/10X40倍_42.tif,1258
2014,grape/static/yolo/10X40倍_44.tif,1259
2015,grape/static/yolo/10X40倍_44.tif,1260
2016,grape/static/yolo/10X40倍_47.tif,1261
2017,grape/static/yolo/10X40倍_47.tif,1262
2018,grape/static/yolo/10X40倍_49.tif,1263
2019,grape/static/yolo/10X40倍_49.tif,1264
2020,grape/static/yolo/10X40倍_55.tif,1265
2021,grape/static/yolo/10X40倍_55.tif,1266
2022,grape/static/yolo/10X40倍_57.tif,1267
2023,grape/static/yolo/10X40倍_57.tif,1268
2024,grape/static/yolo/10X40倍_55.tif,1269
2025,grape/static/yolo/10X40倍_55.tif,1270
2026,grape/static/yolo/10X40倍_55.tif,1271
2027,grape/static/yolo/10X40倍_55.tif,1272
2028,grape/static/yolo/10X40倍_161.tif,1273
2029,grape/static/yolo/10X40倍_161.tif,1274
2030,grape/static/yolo/4-4.jpg,1275
2031,grape/static/yolo/pv3-4-10x2098.jpg,1275
2032,grape/static/yolo/4-4.jpg,1276
2033,grape/static/yolo/pv3-4-10x2098.jpg,1276
2034,grape/static/yolo/4-4.jpg,1277
2035,grape/static/yolo/pv3-4-10x2098.jpg,1277
2036,grape/static/yolo/4-4.jpg,1278
2037,grape/static/yolo/pv3-4-10x2098.jpg,1278
2038,grape/static/yolo/4-4.jpg,1279
2039,grape/static/yolo/Propamocarb-0046.jpg,1279
2040,grape/static/yolo/4-4.jpg,1280
2041,grape/static/yolo/Propamocarb-0046.jpg,1280
2042,grape/static/yolo/Propamocarb-0046.jpg,1280
2043,grape/static/yolo/Propamocarb-0300.jpg,1280
2044,grape/static/yolo/4-4.jpg,1281
2045,grape/static/yolo/pv3-4-10x2098.jpg,1281
2046,grape/static/yolo/4-4.jpg,1282
2047,grape/static/yolo/pv3-4-10x2098.jpg,1282
2048,grape/static/yolo/4-4.jpg,1283
2049,grape/static/yolo/pv3-4-10x2098.jpg,1283
2050,grape/static/yolo/4-4.jpg,1284
2051,grape/static/yolo/pv3-4-10x2098.jpg,1284
2052,grape/static/yolo/4-4.jpg,1285
2053,grape/static/yolo/pv3-4-10x2098.jpg,1285
2054,grape/static/yolo/4-4.jpg,1286
2055,grape/static/yolo/pv3-4-10x2098.jpg,1286
2056,grape/static/yolo/4-4.jpg,1287
2057,grape/static/yolo/pv3-4-10x2098.jpg,1287
2058,grape/static/yolo/Propamocarb-0046.jpg,1287
2059,grape/static/yolo/Propamocarb-0046.jpg,1288
2060,grape/static/yolo/4-4.jpg,1288
2061,grape/static/yolo/pv3-4-10x2098.jpg,1288
2062,grape/static/yolo/4-4.jpg,1289
2063,grape/static/yolo/pv3-4-10x2098.jpg,1289
2064,grape/static/yolo/4-4.jpg,1290
2065,grape/static/yolo/pv3-4-10x2098.jpg,1290
2066,grape/static/yolo/4-4.jpg,1291
2067,grape/static/yolo/pv3-4-10x2098.jpg,1291
2068,grape/static/yolo/pv3-4-10x2098.jpg,1291
2069,grape/static/yolo/4-4.jpg,1292
2070,grape/static/yolo/pv3-4-10x2098.jpg,1292
2071,grape/static/yolo/pv3-4-10x2098.jpg,1292
2072,grape/static/yolo/pv3-4-10x2098.jpg,1292
2073,grape/static/yolo/4-4.jpg,1293
2074,grape/static/yolo/pv3-4-10x2098.jpg,1293
2075,grape/static/yolo/pv3-4-10x2098.jpg,1293
2076,grape/static/yolo/pv3-4-10x2098.jpg,1293
2077,grape/static/yolo/4-4.jpg,1294
2078,grape/static/yolo/4-4.jpg,1295
2079,grape/static/yolo/4-4.jpg,1296
2080,grape/static/yolo/4-4.jpg,1297
2081,grape/static/yolo/pv3-4-10x2098.jpg,1297
2082,grape/static/yolo/4-4.jpg,1298
2083,grape/static/yolo/pv3-4-10x2098.jpg,1298
2084,grape/static/yolo/4-4.jpg,1299
2085,grape/static/yolo/4-4.jpg,1300
