site_id,year,province,variety,source_variety_code,maturation,lat,lon,BBCH_Principal,major_stage,major_stage_rank,observed_date
Duan,2022,GuangXi,毛葡萄野酿2号,MPT,晚,23.83,108.11,01,00,0,2022-03-31
Duan,2022,GuangXi,毛葡萄野酿2号,MPT,晚,23.83,108.11,05,00,0,2022-04-07
Duan,2022,GuangXi,毛葡萄野酿2号,MPT,晚,23.83,108.11,15,10,1,2022-04-14
Duan,2022,GuangXi,毛葡萄野酿2号,MPT,晚,23.83,108.11,15,10,1,2022-04-22
Duan,2022,GuangXi,毛葡萄野酿2号,MPT,晚,23.83,108.11,18,10,1,2022-04-30
Duan,2022,GuangXi,毛葡萄野酿2号,MPT,晚,23.83,108.11,53,50,2,2022-05-08
Duan,2022,GuangXi,毛葡萄野酿2号,MPT,晚,23.83,108.11,55,50,2,2022-05-11
Duan,2022,GuangXi,毛葡萄野酿2号,MPT,晚,23.83,108.11,55,50,2,2022-05-19
Duan,2023,GuangXi,毛葡萄野酿2号,MPT,晚,23.83,108.11,00,00,0,2023-03-21
Duan,2023,GuangXi,毛葡萄野酿2号,MPT,晚,23.83,108.11,53,50,2,2023-03-28
Duan,2023,GuangXi,毛葡萄野酿2号,MPT,晚,23.83,108.11,53,50,2,2023-04-01
Duan,2023,GuangXi,毛葡萄野酿2号,MPT,晚,23.83,108.11,53,50,2,2023-04-04
Duan,2023,GuangXi,毛葡萄野酿2号,MPT,晚,23.83,108.11,53,50,2,2023-04-07
Duan,2023,GuangXi,毛葡萄野酿2号,MPT,晚,23.83,108.11,55,50,2,2023-04-10
Duan,2023,GuangXi,毛葡萄野酿2号,MPT,晚,23.83,108.11,55,50,2,2023-04-13
Duan,2023,GuangXi,毛葡萄野酿2号,MPT,晚,23.83,108.11,55,50,2,2023-04-16
Duan,2023,GuangXi,毛葡萄野酿2号,MPT,晚,23.83,108.11,55,50,2,2023-04-19
Duan,2023,GuangXi,毛葡萄野酿2号,MPT,晚,23.83,108.11,55,50,2,2023-04-22
Duan,2023,GuangXi,毛葡萄野酿2号,MPT,晚,23.83,108.11,55,50,2,2023-04-25
Duan,2023,GuangXi,毛葡萄野酿2号,MPT,晚,23.83,108.11,55,50,2,2023-04-28
Duan,2023,GuangXi,毛葡萄野酿2号,MPT,晚,23.83,108.11,55,50,2,2023-05-01
Duan,2023,GuangXi,毛葡萄野酿2号,MPT,晚,23.83,108.11,55,50,2,2023-05-04
Duan,2023,GuangXi,毛葡萄野酿2号,MPT,晚,23.83,108.11,57,50,2,2023-05-07
Duan,2023,GuangXi,毛葡萄野酿2号,MPT,晚,23.83,108.11,57,50,2,2023-05-10
Duan,2023,GuangXi,毛葡萄野酿2号,MPT,晚,23.83,108.11,61,60,3,2023-05-13
Duan,2023,GuangXi,毛葡萄野酿2号,MPT,晚,23.83,108.11,63,60,3,2023-05-16
Duan,2023,GuangXi,毛葡萄野酿2号,MPT,晚,23.83,108.11,63,60,3,2023-05-20
Duan,2023,GuangXi,毛葡萄野酿2号,MPT,晚,23.83,108.11,68,60,3,2023-05-25
Duan,2023,GuangXi,毛葡萄野酿2号,MPT,晚,23.83,108.11,71,70,4,2023-05-28
Duan,2023,GuangXi,毛葡萄野酿2号,MPT,晚,23.83,108.11,75,70,4,2023-06-01
Duan,2023,GuangXi,毛葡萄野酿2号,MPT,晚,23.83,108.11,77,70,4,2023-06-21
Duan,2023,GuangXi,毛葡萄野酿2号,MPT,晚,23.83,108.11,79,70,4,2023-06-24
Duan,2023,GuangXi,毛葡萄野酿2号,MPT,晚,23.83,108.11,79,70,4,2023-06-27
Duan,2023,GuangXi,毛葡萄野酿2号,MPT,晚,23.83,108.11,79,70,4,2023-06-30
Duan,2023,GuangXi,毛葡萄野酿2号,MPT,晚,23.83,108.11,79,70,4,2023-07-03
Duan,2023,GuangXi,毛葡萄野酿2号,MPT,晚,23.83,108.11,79,70,4,2023-07-06
Duan,2023,GuangXi,毛葡萄野酿2号,MPT,晚,23.83,108.11,79,70,4,2023-07-09
Duan,2023,GuangXi,毛葡萄野酿2号,MPT,晚,23.83,108.11,79,70,4,2023-07-12
Duan,2023,GuangXi,毛葡萄野酿2号,MPT,晚,23.83,108.11,79,70,4,2023-07-15
Duan,2023,GuangXi,毛葡萄野酿2号,MPT,晚,23.83,108.11,79,70,4,2023-07-18
Duan,2023,GuangXi,毛葡萄野酿2号,MPT,晚,23.83,108.11,79,70,4,2023-07-21
Duan,2023,GuangXi,毛葡萄野酿2号,MPT,晚,23.83,108.11,81,80,5,2023-07-24
Duan,2023,GuangXi,毛葡萄野酿2号,MPT,晚,23.83,108.11,81,80,5,2023-07-27
Duan,2023,GuangXi,毛葡萄野酿2号,MPT,晚,23.83,108.11,83,80,5,2023-07-30
Duan,2023,GuangXi,毛葡萄野酿2号,MPT,晚,23.83,108.11,83,80,5,2023-08-03
Duan,2023,GuangXi,毛葡萄野酿2号,MPT,晚,23.83,108.11,85,80,5,2023-08-06
Duan,2023,GuangXi,毛葡萄野酿2号,MPT,晚,23.83,108.11,85,80,5,2023-08-09
Duan,2023,GuangXi,毛葡萄野酿2号,MPT,晚,23.83,108.11,85,80,5,2023-08-13
Duan,2023,GuangXi,毛葡萄野酿2号,MPT,晚,23.83,108.11,89,80,5,2023-08-16
Duan,2024,GuangXi,毛葡萄野酿2号,MPT,晚,23.83,108.11,05,00,0,2024-04-02
Duan,2024,GuangXi,毛葡萄野酿2号,MPT,晚,23.83,108.11,07,00,0,2024-04-09
Duan,2024,GuangXi,毛葡萄野酿2号,MPT,晚,23.83,108.11,14,10,1,2024-04-12
Duan,2024,GuangXi,毛葡萄野酿2号,MPT,晚,23.83,108.11,15,10,1,2024-04-15
Duan,2024,GuangXi,毛葡萄野酿2号,MPT,晚,23.83,108.11,55,50,2,2024-04-18
Duan,2024,GuangXi,毛葡萄野酿2号,MPT,晚,23.83,108.11,57,50,2,2024-04-24
Duan,2024,GuangXi,毛葡萄野酿2号,MPT,晚,23.83,108.11,57,50,2,2024-04-27
Duan,2024,GuangXi,毛葡萄野酿2号,MPT,晚,23.83,108.11,57,50,2,2024-04-30
Duan,2024,GuangXi,毛葡萄野酿2号,MPT,晚,23.83,108.11,57,50,2,2024-05-03
Duan,2024,GuangXi,毛葡萄野酿2号,MPT,晚,23.83,108.11,60,60,3,2024-05-06
Duan,2024,GuangXi,毛葡萄野酿2号,MPT,晚,23.83,108.11,60,60,3,2024-05-09
Duan,2024,GuangXi,毛葡萄野酿2号,MPT,晚,23.83,108.11,73,70,4,2024-05-12
Duan,2024,GuangXi,毛葡萄野酿2号,MPT,晚,23.83,108.11,73,70,4,2024-05-18
Duan,2024,GuangXi,毛葡萄野酿2号,MPT,晚,23.83,108.11,75,70,4,2024-05-21
Duan,2024,GuangXi,毛葡萄野酿2号,MPT,晚,23.83,108.11,75,70,4,2024-05-24
Duan,2024,GuangXi,毛葡萄野酿2号,MPT,晚,23.83,108.11,75,70,4,2024-05-27
Duan,2024,GuangXi,毛葡萄野酿2号,MPT,晚,23.83,108.11,75,70,4,2024-05-30
Duan,2024,GuangXi,毛葡萄野酿2号,MPT,晚,23.83,108.11,77,70,4,2024-06-03
Duan,2024,GuangXi,毛葡萄野酿2号,MPT,晚,23.83,108.11,77,70,4,2024-06-06
Duan,2024,GuangXi,毛葡萄野酿2号,MPT,晚,23.83,108.11,77,70,4,2024-06-12
Duan,2024,GuangXi,毛葡萄野酿2号,MPT,晚,23.83,108.11,77,70,4,2024-06-15
Duan,2024,GuangXi,毛葡萄野酿2号,MPT,晚,23.83,108.11,79,70,4,2024-06-21
Duan,2024,GuangXi,毛葡萄野酿2号,MPT,晚,23.83,108.11,79,70,4,2024-06-27
Duan,2024,GuangXi,毛葡萄野酿2号,MPT,晚,23.83,108.11,79,70,4,2024-06-30
Duan,2024,GuangXi,毛葡萄野酿2号,MPT,晚,23.83,108.11,79,70,4,2024-07-09
Mingyang,2023,GuangXi,巨峰,JF,中,22.61,108.23,07,00,0,2023-03-14
Mingyang,2023,GuangXi,巨峰,JF,中,22.61,108.23,55,50,2,2023-03-21
Mingyang,2023,GuangXi,巨峰,JF,中,22.61,108.23,55,50,2,2023-03-24
Mingyang,2023,GuangXi,巨峰,JF,中,22.61,108.23,57,50,2,2023-03-27
Mingyang,2023,GuangXi,巨峰,JF,中,22.61,108.23,57,50,2,2023-03-30
Mingyang,2023,GuangXi,巨峰,JF,中,22.61,108.23,57,50,2,2023-04-02
Mingyang,2023,GuangXi,巨峰,JF,中,22.61,108.23,57,50,2,2023-04-05
Mingyang,2023,GuangXi,巨峰,JF,中,22.61,108.23,62,60,3,2023-04-08
Mingyang,2023,GuangXi,巨峰,JF,中,22.61,108.23,62,60,3,2023-04-11
Mingyang,2023,GuangXi,巨峰,JF,中,22.61,108.23,68,60,3,2023-04-14
Mingyang,2023,GuangXi,巨峰,JF,中,22.61,108.23,71,70,4,2023-04-17
Mingyang,2023,GuangXi,巨峰,JF,中,22.61,108.23,73,70,4,2023-04-20
Mingyang,2023,GuangXi,巨峰,JF,中,22.61,108.23,75,70,4,2023-04-23
Mingyang,2023,GuangXi,巨峰,JF,中,22.61,108.23,77,70,4,2023-04-26
Mingyang,2023,GuangXi,巨峰,JF,中,22.61,108.23,79,70,4,2023-04-29
Mingyang,2023,GuangXi,巨峰,JF,中,22.61,108.23,79,70,4,2023-05-02
Mingyang,2023,GuangXi,巨峰,JF,中,22.61,108.23,79,70,4,2023-05-05
Mingyang,2023,GuangXi,巨峰,JF,中,22.61,108.23,79,70,4,2023-05-08
Mingyang,2023,GuangXi,巨峰,JF,中,22.61,108.23,79,70,4,2023-05-11
Mingyang,2023,GuangXi,巨峰,JF,中,22.61,108.23,79,70,4,2023-05-14
Mingyang,2023,GuangXi,巨峰,JF,中,22.61,108.23,79,70,4,2023-05-17
Mingyang,2023,GuangXi,巨峰,JF,中,22.61,108.23,79,70,4,2023-05-20
Mingyang,2023,GuangXi,巨峰,JF,中,22.61,108.23,79,70,4,2023-05-23
Mingyang,2023,GuangXi,巨峰,JF,中,22.61,108.23,81,80,5,2023-05-26
Mingyang,2023,GuangXi,巨峰,JF,中,22.61,108.23,81,80,5,2023-05-29
Mingyang,2023,GuangXi,巨峰,JF,中,22.61,108.23,81,80,5,2023-06-01
Mingyang,2023,GuangXi,巨峰,JF,中,22.61,108.23,83,80,5,2023-06-04
Mingyang,2023,GuangXi,巨峰,JF,中,22.61,108.23,83,80,5,2023-06-07
Mingyang,2023,GuangXi,巨峰,JF,中,22.61,108.23,83,80,5,2023-06-10
Mingyang,2023,GuangXi,巨峰,JF,中,22.61,108.23,83,80,5,2023-06-13
Mingyang,2023,GuangXi,巨峰,JF,中,22.61,108.23,83,80,5,2023-06-16
Mingyang,2023,GuangXi,巨峰,JF,中,22.61,108.23,83,80,5,2023-06-19
Mingyang,2023,GuangXi,巨峰,JF,中,22.61,108.23,83,80,5,2023-06-22
Mingyang,2023,GuangXi,巨峰,JF,中,22.61,108.23,85,80,5,2023-06-25
Mingyang,2023,GuangXi,巨峰,JF,中,22.61,108.23,85,80,5,2023-06-28
Mingyang,2023,GuangXi,巨峰,JF,中,22.61,108.23,89,80,5,2023-07-01
Mingyang,2023,GuangXi,巨峰,JF,中,22.61,108.23,99,90,6,2023-07-04
Mingyang,2024,GuangXi,巨峰,JF,中,22.61,108.23,15,10,1,2024-04-01
Mingyang,2024,GuangXi,巨峰,JF,中,22.61,108.23,55,50,2,2024-04-04
Mingyang,2024,GuangXi,巨峰,JF,中,22.61,108.23,57,50,2,2024-04-07
Mingyang,2024,GuangXi,巨峰,JF,中,22.61,108.23,57,50,2,2024-04-10
Mingyang,2024,GuangXi,巨峰,JF,中,22.61,108.23,61,60,3,2024-04-13
Mingyang,2024,GuangXi,巨峰,JF,中,22.61,108.23,63,60,3,2024-04-16
Mingyang,2024,GuangXi,巨峰,JF,中,22.61,108.23,73,70,4,2024-04-19
Mingyang,2024,GuangXi,巨峰,JF,中,22.61,108.23,73,70,4,2024-04-22
Mingyang,2024,GuangXi,巨峰,JF,中,22.61,108.23,73,70,4,2024-04-25
Mingyang,2024,GuangXi,巨峰,JF,中,22.61,108.23,75,70,4,2024-04-28
Mingyang,2024,GuangXi,巨峰,JF,中,22.61,108.23,75,70,4,2024-05-01
Mingyang,2024,GuangXi,巨峰,JF,中,22.61,108.23,75,70,4,2024-05-04
Mingyang,2024,GuangXi,巨峰,JF,中,22.61,108.23,76,70,4,2024-05-07
Mingyang,2024,GuangXi,巨峰,JF,中,22.61,108.23,79,70,4,2024-05-10
Mingyang,2024,GuangXi,巨峰,JF,中,22.61,108.23,79,70,4,2024-05-13
Mingyang,2024,GuangXi,巨峰,JF,中,22.61,108.23,79,70,4,2024-05-16
Mingyang,2024,GuangXi,巨峰,JF,中,22.61,108.23,79,70,4,2024-05-22
Mingyang,2024,GuangXi,巨峰,JF,中,22.61,108.23,79,70,4,2024-05-25
Mingyang,2024,GuangXi,巨峰,JF,中,22.61,108.23,81,80,5,2024-05-29
Mingyang,2024,GuangXi,巨峰,JF,中,22.61,108.23,81,80,5,2024-06-01
Mingyang,2024,GuangXi,巨峰,JF,中,22.61,108.23,81,80,5,2024-06-04
Mingyang,2024,GuangXi,巨峰,JF,中,22.61,108.23,83,80,5,2024-06-07
Mingyang,2024,GuangXi,巨峰,JF,中,22.61,108.23,83,80,5,2024-06-10
Mingyang,2024,GuangXi,巨峰,JF,中,22.61,108.23,83,80,5,2024-06-13
Mingyang,2024,GuangXi,巨峰,JF,中,22.61,108.23,85,80,5,2024-06-16
Mingyang,2024,GuangXi,巨峰,JF,中,22.61,108.23,85,80,5,2024-06-19
Mingyang,2024,GuangXi,巨峰,JF,中,22.61,108.23,85,80,5,2024-06-22
Mingyang,2024,GuangXi,巨峰,JF,中,22.61,108.23,85,80,5,2024-06-25
Mingyang,2024,GuangXi,巨峰,JF,中,22.61,108.23,85,80,5,2024-06-28
Mingyang,2024,GuangXi,巨峰,JF,中,22.61,108.23,89,80,5,2024-07-01
Mingyang,2024,GuangXi,巨峰,JF,中,22.61,108.23,89,80,5,2024-07-04
Mingyang,2024,GuangXi,巨峰,JF,中,22.61,108.23,89,80,5,2024-07-07
Mingyang,2024,GuangXi,巨峰,JF,中,22.61,108.23,89,80,5,2024-07-10
guilin,2022,GuangXi,温克,wk,晚,25.45,110.8,17,10,1,2022-04-03
guilin,2022,GuangXi,温克,wk,晚,25.45,110.8,53,50,2,2022-04-10
guilin,2022,GuangXi,温克,wk,晚,25.45,110.8,55,50,2,2022-04-17
guilin,2022,GuangXi,温克,wk,晚,25.45,110.8,57,50,2,2022-04-24
guilin,2022,GuangXi,温克,wk,晚,25.45,110.8,61,60,3,2022-05-04
guilin,2022,GuangXi,温克,wk,晚,25.45,110.8,71,70,4,2022-05-13
guilin,2022,GuangXi,温克,wk,晚,25.45,110.8,75,70,4,2022-05-21
